ID,Title,Slug,Excerpt,Status,Published_At,Author,Reading_Time,Tags,Meta_Description,SEO_Keywords
5b4fc995-77c1-4085-b275-9f9da536228d,"Bubble: ููุตุฉ ุงูุจุฑูุฌุฉ ุจุฏูู ููุฏ ุงูุฃูุซุฑ ููุฉ ูุฅูุดุงุก ุชุทุจููุงุช ุงูููุจ ุงููุนูุฏุฉ",bubble-no-code-platform-guide,"ุชุนุฑู ุนูู ููุตุฉ Bubble ุงูุฑุงุฆุฏุฉ ูู ูุฌุงู ุงูุจุฑูุฌุฉ ุจุฏูู ููุฏุ ูููู ูููููุง ูุณุงุนุฏุชู ูู ุฅูุดุงุก ุชุทุจููุงุช ููุจ ุงุญุชุฑุงููุฉ ููุนูุฏุฉ ุฏูู ุงูุญุงุฌุฉ ููุชุงุจุฉ ุณุทุฑ ูุงุญุฏ ูู ุงูููุฏ.",published,2025-07-10 16:28:29.794255+00,ูุฑูู ุชูููููุงุด,7,"Bubble,ุงูุจุฑูุฌุฉ ุจุฏูู ููุฏ,ุชุทููุฑ ุงูุชุทุจููุงุช,No-Code","ุฏููู ุดุงูู ูููุตุฉ Bubble ูุฅูุดุงุก ุชุทุจููุงุช ุงูููุจ ุจุฏูู ููุฏ. ุชุนุฑู ุนูู ุงูููุฒุงุช ูุงูุฃุณุนุงุฑ ููุตุต ุงููุฌุงุญ ูููููุฉ ุงูุจุฏุก ูู ุงุณุชุฎุฏุงู ูุฐู ุงูููุตุฉ ุงููููุฉ.","Bubble,ุงูุจุฑูุฌุฉ ุจุฏูู ููุฏ,No-Code,ุชุทููุฑ ุงูุชุทุจููุงุช,ููุตุฉ ุชุทููุฑ,ุชุทุจููุงุช ุงูููุจ"
5e55d4ef-395b-478b-8236-07dfaed157c5,"ุฏููู ุดุงูู ูุฃุฏูุงุช ุงูุจุฑูุฌุฉ ุจุฏูู ููุฏ ุจุงูุฐูุงุก ุงูุงุตุทูุงุนู: ุซูุฑุฉ ูู ุนุงูู ุงูุชุทููุฑ",no-code-ai-tools-guide,"ุงูุชุดู ููู ุชุบูุฑ ุฃุฏูุงุช ุงูุจุฑูุฌุฉ ุจุฏูู ููุฏ ุงููุฏุนููุฉ ุจุงูุฐูุงุก ุงูุงุตุทูุงุนู ูุฌู ุงูุชุทููุฑ ุงูุชูููุ ูุชุนูู ููููุฉ ุฅูุดุงุก ุชุทุจููุงุช ูููุงูุน ุงุญุชุฑุงููุฉ ุฏูู ุงูุญุงุฌุฉ ูุฎุจุฑุฉ ุจุฑูุฌูุฉ ุนูููุฉ.",published,2025-07-10 16:25:38.371044+00,ูุฑูู ุชูููููุงุด,8,"ุงูุจุฑูุฌุฉ ุจุฏูู ููุฏ,ุงูุฐูุงุก ุงูุงุตุทูุงุนู,ุงูุชุทููุฑ,ุงูุชูููููุฌูุง","ุชุนุฑู ุนูู ุฃูุถู ุฃุฏูุงุช ุงูุจุฑูุฌุฉ ุจุฏูู ููุฏ ุงููุฏุนููุฉ ุจุงูุฐูุงุก ุงูุงุตุทูุงุนู ูููููุฉ ุงุณุชุฎุฏุงููุง ูุฅูุดุงุก ุชุทุจููุงุช ุงุญุชุฑุงููุฉ ุฏูู ุฎุจุฑุฉ ุจุฑูุฌูุฉ.","ุงูุจุฑูุฌุฉ ุจุฏูู ููุฏ,No-Code,ุงูุฐูุงุก ุงูุงุตุทูุงุนู,ุชุทููุฑ ุงูุชุทุจููุงุช,Bubble,Webflow"
429d4dc0-494f-47ed-9138-e41b973c730c,88888888888888,88888888888888,000000000,published,2025-07-10 15:20:05.555+00,TechnoFlash,1,,000000000,
368bb0c9-586c-49db-bdf8-10751ff97053,999999999,999999999,"๐ ูุตุงูุญ ูู ูุชุดุชุบู ุจู E2E: ุฑููุฒ ุนูู ุงูุณููุงุฑูููุงุช ุงูุฃุณุงุณูุฉ (Happy Path) ูุง ุชูุชุจุด ุงุฎุชุจุงุฑุงุช E2E ูุชูุฑ ุฌุฏุงู (ุชูููุฉ ูุจุทูุฆุฉ) ุฎููู ุฏุงููุงู ูุญุฏุฏ ูู ุงูุชุณุช (ุชุณุช ุณููุงุฑูู ูุงุญุฏ ูู ูู ุงุฎุชุจุงุฑ) ุงุณุชุฎุฏู CI/CD ูุชุดุบูู ุงูุชุณุช ุฃูุชููุงุชูู ุจุนุฏ ูู ุชุญุฏูุซ ูู ุจุชุญุถุฑ ูููุฏูู ุนู E2E Testing ุฃู ุนุงูุฒ ุฃุณุงุนุฏู ูู ุณููุงุฑูู ุนููู ุฃู ุณูุฑูุจุช ูููุฏูู ููุชููุจุ ูููู ูุฃูุง ุฃุฌูุฒูููู ุชุฑูุฏ ูู ุฃูู ุซุงููุฉ ๐ฅ 2/2 ุงุทุฑุญ ุณุคุงูู ุนูู ChatGPT",published,2025-07-10 15:14:42.794+00,TechnoFlash,1,,"๐ ูุตุงูุญ ูู ูุชุดุชุบู ุจู E2E: ุฑููุฒ ุนูู ุงูุณููุงุฑูููุงุช ุงูุฃุณุงุณูุฉ (Happy Path) ูุง ุชูุชุจุด ุงุฎุชุจุงุฑุงุช E2E ูุชูุฑ ุฌุฏุงู (ุชูููุฉ ูุจุทูุฆุฉ) ุฎููู ุฏุงููุงู ูุญุฏุฏ ูู ุงูุชุณุช (ุชุณุช ุณููุงุฑูู ูุงุญุฏ ูู ูู ุงุฎุชุจุงุฑ) ุงุณุชุฎุฏู CI/CD ูุชุดุบูู ุงูุชุณุช ุฃูุชููุงุชูู ุจุนุฏ ูู ุชุญุฏูุซ ูู ุจุชุญุถุฑ ูููุฏูู ุนู E2E Testing ุฃู ุนุงูุฒ ุฃุณุงุนุฏู ูู ุณููุงุฑูู ุนููู ุฃู ุณูุฑูุจุช ูููุฏูู ููุชููุจุ ูููู ูุฃูุง ุฃุฌูุฒูููู ุชุฑูุฏ ูู ุฃูู ุซุงููุฉ ๐ฅ 2/2 ุงุทุฑุญ ุณุคุงูู ุนูู ChatGPT",
1830032b-0a9c-46c6-b4ce-6d6677a8bba3,545,545,,published,2025-07-10 14:45:57.168+00,TechnoFlash,1,,,
1ea06df9-d660-4590-8b4c-4037e7eef9a3,44414,44414,14,published,2025-07-10 13:35:50.818+00,TechnoFlash,1,,14,
5b770961-76a1-4b62-b066-98bde75d12b7,ุงุชูู,ุงุชูู,4444,published,2025-07-10 13:16:37.873+00,TechnoFlash,1,,,
2f0f8b27-419b-41dd-85cd-fb2d0d445510,ููุฏูุฉ ูู ุนูู ุงูุจูุงูุงุช,introduction-to-data-science,ุงุณุชูุดู ุนุงูู ุนูู ุงูุจูุงูุงุช ูุชุนูู ููููุฉ ุงุณุชุฎุฑุงุฌ ุฑุคู ูููุฉ ูู ุงูุจูุงูุงุช,published,2025-07-10 12:56:18.380199+00,ุฑุงููุง ูุญูุฏ,11,"ุนูู ุจูุงูุงุช,Python,ุชุญููู",ุงุณุชูุดู ุนุงูู ุนูู ุงูุจูุงูุงุช ูุชุนูู ููููุฉ ุงุณุชุฎุฑุงุฌ ุฑุคู ูููุฉ ูู ุงูุจูุงูุงุช,
47438d66-b1e2-4444-b578-14dd7b529435,ุชุนูู ุงูุจุฑูุฌุฉ ูู ุงูุตูุฑ,learn-programming-from-scratch,ุฎุทูุงุช ุนูููุฉ ูุชุนูู ุงูุจุฑูุฌุฉ ูู ุงูุจุฏุงูุฉ ุญุชู ุงูุงุญุชุฑุงู,published,2025-07-10 12:56:18.380199+00,ูุญูุฏ ุนูู,10,"ุจุฑูุฌุฉ,ุชุนููู,ูุจุชุฏุฆูู",ุฎุทูุงุช ุนูููุฉ ูุชุนูู ุงูุจุฑูุฌุฉ ูู ุงูุจุฏุงูุฉ ุญุชู ุงูุงุญุชุฑุงู,
b6a36b27-8fab-416c-87a9-8bad4fdd71e1,ุงูุฐูุงุก ุงูุงุตุทูุงุนู ูู ุงูุทุจ,ai-in-medicine,ููู ูุบูุฑ ุงูุฐูุงุก ุงูุงุตุทูุงุนู ูุฌุงู ุงูุทุจ ูุงูุฑุนุงูุฉ ุงูุตุญูุฉ,published,2025-07-10 12:56:18.380199+00,ุฏ. ูููู ุญุณู,14,"ุฐูุงุก ุงุตุทูุงุนู,ุทุจ,ุตุญุฉ",ููู ูุบูุฑ ุงูุฐูุงุก ุงูุงุตุทูุงุนู ูุฌุงู ุงูุทุจ ูุงูุฑุนุงูุฉ ุงูุตุญูุฉ,
a6929d35-300f-47bf-9b86-fb5872feabef,ุฅูุชุฑูุช ุงูุฃุดูุงุก (IoT),internet-of-things-iot,ุงุณุชูุดู ุนุงูู ุฅูุชุฑูุช ุงูุฃุดูุงุก ูููู ูุบูุฑ ุญูุงุชูุง ุงูููููุฉ,published,2025-07-10 12:56:18.380199+00,ูุฑูู ุนุจุฏุงูุนุฒูุฒ,9,"ุฅูุชุฑูุช ุงูุฃุดูุงุก,IoT,ููุงุฒู ุฐููุฉ",ุงุณุชูุดู ุนุงูู ุฅูุชุฑูุช ุงูุฃุดูุงุก ูููู ูุบูุฑ ุญูุงุชูุง ุงูููููุฉ,
31acdeb8-43c6-40b5-aa47-82abfb6ba9f1,ุงูุจููู ุชุดู55ู: ุงูุชูููุฉ ุงูุซูุฑูุฉ,ุงูุจููู-ุชุดู55ู-ุงูุชูููุฉ-ุงูุซูุฑูุฉ,ููู ุชูููุฉ ุงูุจููู ุชุดูู ูุชุทุจููุงุชูุง ูู ูุฎุชูู ุงููุฌุงูุงุช,published,2025-07-10 13:15:35.255+00,ุนุจุฏุงููู ุฃุญูุฏ,13,"ุจููู ุชุดูู,ุนููุงุช ุฑูููุฉ,ุชูููุฉ",ููู ุชูููุฉ ุงูุจููู ุชุดูู ูุชุทุจููุงุชูุง ูู ูุฎุชูู ุงููุฌุงูุงุช,
5c8f9674-9777-4ac1-979d-2c78217ba02d,ููุฏูุฉ ุดุงููุฉ ูู ุงูุฐูุงุก ุงูุงุตุทูุงุนู,comprehensive-ai-introduction,ุฏููู ุดุงูู ูููู ุฃุณุงุณูุงุช ุงูุฐูุงุก ุงูุงุตุทูุงุนู ูุชุทุจููุงุชู ุงูุนูููุฉ,published,2025-07-10 12:54:34.94271+00,ูุฑูู TechnoFlash,12,"ุฐูุงุก ุงุตุทูุงุนู,ุชุนูู ุขูู,ุชูููุฉ",ุฏููู ุดุงูู ูููู ุฃุณุงุณูุงุช ุงูุฐูุงุก ุงูุงุตุทูุงุนู ูุชุทุจููุงุชู ุงูุนูููุฉ ูู ูุฎุชูู ุงููุฌุงูุงุช,
eecdec11-0329-4b1b-a298-67f3a942b0aa,ุงูุญูุณุจุฉ ุงูุณุญุงุจูุฉ: ุงูุฏููู ุงููุงูู,cloud-computing-complete-guide,ูู ูุง ุชุญุชุงุฌ ููุนุฑูุชู ุนู ุงูุญูุณุจุฉ ุงูุณุญุงุจูุฉ ูููุงุฆุฏูุง ููุฃุนูุงู,published,2025-07-10 12:54:34.94271+00,ุณุงุฑุฉ ุฃุญูุฏ,12,"ุญูุณุจุฉ ุณุญุงุจูุฉ,AWS,Azure,ุชูููุฉ",ูู ูุง ุชุญุชุงุฌ ููุนุฑูุชู ุนู ุงูุญูุณุจุฉ ุงูุณุญุงุจูุฉ ูููุงุฆุฏูุง ููุฃุนูุงู,
0129d9d5-c33a-42c1-a2ca-26223e7f68a8,ุฃูู ุงููุนูููุงุช ูู ุงูุนุตุฑ ุงูุฑููู,cybersecurity-digital-age,ุฏููู ุดุงูู ูุญูุงูุฉ ุจูุงูุงุชู ููุนูููุงุชู ูู ุนุงูู ูุชุตู ุฑูููุงู,published,2025-07-10 12:54:34.94271+00,ุนูุฑ ุญุณู,15,"ุฃูู ูุนูููุงุช,ุญูุงูุฉ,ุฃูู ุณูุจุฑุงูู",ุฏููู ุดุงูู ูุญูุงูุฉ ุจูุงูุงุชู ููุนูููุงุชู ูู ุนุงูู ูุชุตู ุฑูููุงู,
0d6c9996-1858-4130-b918-a30bd969acdb,ุฃูุถู ุฃุฏูุงุช ุงูุจุฑูุฌุฉ ูุนุงู 2025,best-programming-tools-2025,ุงูุชุดู ุฃุญุฏุซ ูุฃูุถู ุฃุฏูุงุช ุงูุจุฑูุฌุฉ ุงูุชู ูุฌุจ ุนูู ูู ูุทูุฑ ูุนุฑูุชูุง,published,2025-07-10 12:54:34.94271+00,ุฃุญูุฏ ูุญูุฏ,10,"ุจุฑูุฌุฉ,ุฃุฏูุงุช,ุชุทููุฑ",ุงูุชุดู ุฃุญุฏุซ ูุฃูุถู ุฃุฏูุงุช ุงูุจุฑูุฌุฉ ูุนุงู 2025 ุงูุชู ูุฌุจ ุนูู ูู ูุทูุฑ ูุนุฑูุชูุง,
c201e25e-1f70-4142-84d3-20a9ebf04e6e,ูุณุชูุจู ุชุทููุฑ ุงูููุจ,future-of-web-development,ูุธุฑุฉ ุนูู ุงุชุฌุงูุงุช ูุชูููุงุช ุชุทููุฑ ุงูููุจ ูู ุงููุณุชูุจู ุงููุฑูุจ,published,2025-07-10 12:54:34.94271+00,ูุงุทูุฉ ุนูู,8,"ุชุทููุฑ ููุจ,ุชูููุงุช,ูุณุชูุจู",ูุธุฑุฉ ุนูู ุงุชุฌุงูุงุช ูุชูููุงุช ุชุทููุฑ ุงูููุจ ูู ุงููุณุชูุจู ุงููุฑูุจ,
a8e53d6f-fb38-4001-ada4-b0207f4b7001,ููุฏูุฉ ูู ุงูุฐูุงุก ุงูุงุตุทูุงุนู,intro-to-ai,ุชุนุฑู ุนูู ุฃุณุงุณูุงุช ุงูุฐูุงุก ุงูุงุตุทูุงุนู ูุชุทุจููุงุชู ุงููุฎุชููุฉ,published,2025-07-10 12:39:29.201669+00,ูุฑูู TechnoFlash,8,"ุฐูุงุก ุงุตุทูุงุนู,ุชูููุฉ,ุจุฑูุฌุฉ",ุชุนุฑู ุนูู ุฃุณุงุณูุงุช ุงูุฐูุงุก ุงูุงุตุทูุงุนู ูุชุทุจููุงุชู ุงููุฎุชููุฉ,
9b1564ed-ff4a-438a-8b4a-b9f82bf52fb4,ูุฑุญุจุงู ุจู ูู TechnoFlash,welcome-to-technoflash,ุงูุชุดู ุนุงูู ุงูุชูููููุฌูุง ูุงูุฐูุงุก ุงูุงุตุทูุงุนู ูุน TechnoFlash - ููุตุชู ุงูุดุงููุฉ ูููุญุชูู ุงูุชููู ุงููุชุทูุฑ,published,2025-07-09 07:38:45.100088+00,TechnoFlash,5,,,
